Id,OrderID,ItemImageSlug,ItemName,ItemNumber,UnitPrice,UnitDiscount,CommissionAmount,Quantity,ItemAttributesJson,CancelReason,IsOrderItemCancelled,CancelQuantity,Sku,Category
{E1CF145B-92C7-44BC-9F09-0016E88BE47F},{F1B72A82-C648-4C34-937D-91B532BE9110},,T-Shirt,TestOnly01a,422.32,0.32,189.9,9,{},,False,0,TestOnly01a,
{2747CB40-94B1-4626-9B86-00D547F1AFB3},{EE455C60-ED43-4A7D-9BCE-C3BDEC5567AA},,Test Only,Test0001a,2460,0,123,1,{},,False,0,Test0001a,
{9263A81C-7A7F-4935-A4CA-0191AA832124},{C642D3E6-6236-4145-9F54-0D58BE2A0799},,PureMoist LipColour - Kirsten,9735,20,10,0.5,1,,,False,0,9735,
{2399F9D9-3C68-46B4-B423-0502E3EF5AC9},{7C422C66-4284-424E-9475-34B293CFA108},IMAGE-aa24ca49-f8d1-4319-8509-27d7b8d32459,KitchenAid 5-Quart Tilt-Head Artisan Series Stand Mixer,KSM150PSER,349.99,1,52.3485,3,{"Color":"Empire Red"},,False,0,KSM150PSER,
{095D1044-26FA-459D-B8C0-06712A03C08E},{FB072644-7979-49E0-A44D-A2AFA76DD4AF},,Only Testing E,Skuxyz05,599.99,99.99,25,1,{},,False,0,Skuxyz05,
{2ED98231-807F-4F68-A703-07000C72AE1F},{500F97D8-BF58-4152-A2FA-283827214BFD},,Only Testing A,Skuxyz01,199.99,99.99,5,1,{},,False,0,Skuxyz01,
{16DCA69A-5247-4FD3-9114-071699C25F72},{6F2410F9-3B0B-42F6-A883-807382A6B8B0},IMAGE-e6db8a65-1a8e-4994-af61-ea6193b1ff29,Wrangler Jeans - Premium Patch Booty Up Dark Wash,465065m5,2460,0,172.2,1,{},,False,0,465065m5,
{835FB9A8-18D5-4DF3-B436-07FEDD6EDA51},{C642D3E6-6236-4145-9F54-0D58BE2A0799},,Spalasium Soap - Jasmine,3283,4.99,2.5,0.1245,1,,,False,0,3283,
{DEE164BB-455D-4B48-BDA3-0C1A578324EB},{55B0BCA5-902B-4AE4-BD5E-F166F9AD789E},,Unknown Product,rcrc1277244-3112756,699,0,34.95,1,,,False,0,rcrc1277244-3112756,
{B318AE18-8542-408C-ACAA-0DCE383FBA5F},{F8910797-988A-4930-9B0E-A61B784DFBDC},,Only Testing A,Skuxyz01,199.99,99.99,8,1,{},,False,0,Skuxyz01,
{04213407-5800-421B-B83D-0DFB340327F7},{5ADBC891-A366-49D4-901D-7EB12488DD2C},IMAGE-40900d7d-7fe5-40f4-b353-54d0d4541059,Aveeno Baby Soothing Relief Creamy Wash - 12 oz.,12082573,6.09,0,0.3045,1,,,False,0,12082573,
{D9376E6E-2E6B-49BC-BA26-0E93A5328773},{047D8981-ED44-4C0C-A5DD-5930B4265769},IMAGE-5e611b0e-a2bb-45a7-a2d9-53d367f737b1,Wrangler,711750,7.97,0,0,1,{},,False,0,711750,
{CE7C846D-C861-4FB0-8A95-0F699B1A9739},{2FEF58AA-74C5-46D6-B1F8-BAAC1F189042},,Only Testing E,Skuxyz04,499.99,99.99,20,1,{},,False,0,Skuxyz04,
{F6338F83-44EB-4750-BCD4-0FC476C0E776},{EDD5405A-B000-43AD-907D-0C309E38FBBF},IMAGE-5e611b0e-a2bb-45a7-a2d9-53d367f737b1,Wrangler,711750,7.97,0,0,1,{},,False,0,711750,
{BD1D9AD1-779F-4A91-81B6-10591901CCFA},{00A7FC83-6D09-456D-9AA4-9293D48AFF3E},,Only Testing A,Skuxyz01,199.99,99.99,8,1,{},,False,0,Skuxyz01,
{8FC64566-04B2-48AC-B69B-1077CB9C4465},{36F200A1-7D4B-4F1F-AA3D-CBF9FF2E8351},IMAGE-e6db8a65-1a8e-4994-af61-ea6193b1ff29,Wrangler Jeans - Premium Patch Booty Up Dark Wash,465065m5,2460,0,172.2,1,{},,False,0,465065m5,
{3D9C51A1-16D7-4E4D-9612-1232C2DA3636},{AC7996C9-1C7E-40DB-A222-B6EAF0370A54},,Sunforgettable Mineral Powder Brush SPF 30 Matte - Fair-All Clear,4688,50,25,1.25,1,,,False,0,4688,
{04C68C7C-1C2E-42B1-854D-129BB65CE5F3},{7D5D82A0-99A2-4C7C-93AF-5477EE5110FD},,Only Testing A,Skuxyz01,199.99,99.99,5,1,{},,False,0,Skuxyz01,
{A423B4AD-AD0F-49FA-8F63-135BBA84BA8A},{2BBF0BDB-2C1C-44B3-9A2F-BCFED70405CA},,Only Testing E,Skuxyz03,399.99,99.99,24,1,{},,False,0,Skuxyz03,
{DC961947-1DB6-4488-8B0E-152AE2440C68},{90DBE272-AE59-40E6-9B8F-C9BECA66579F},IMAGE-e6db8a65-1a8e-4994-af61-ea6193b1ff29,Wrangler Jeans - Premium Patch Booty Up Dark Wash,465065m5,2460,0,172.2,1,{},,False,0,465065m5,
{06C48445-0B7F-498F-88B9-1704D9682A4F},{B20A2F8F-CA32-41CF-9670-CDA9D3346C68},,Only Testing E,Skuxyz05,599.99,99.99,25,1,{},,False,0,Skuxyz05,
{D7930F92-A730-43A1-8B3D-17EBD9F2AB8A},{49ADCDBA-5A3A-4FC0-BE03-DFA25DD67039},,Only Testing E,Skuxyz03,399.99,99.99,24,1,{},,False,0,Skuxyz03,
{12065E9E-5CBF-419D-931E-180E4F74E7A5},{3951610A-BD29-4977-AD67-CD6BC1F67F2F},,Unknown Product,318-1425,19,0,0.95,1,,,False,0,318-1425,
{C532BF98-6CB4-4B04-BA9B-18C6D5C26408},{971F6C83-13EB-4C0D-BFDC-8C20AF07AC9E},IMAGE-5e611b0e-a2bb-45a7-a2d9-53d367f737b1,Wrangler,711750,7.97,0,0,1,{},,False,0,711750,
{702134AE-B1F3-4329-A9D3-19033F789409},{DC2F3ADA-B283-466D-98F5-081F07BB1FDD},IMAGE-e6db8a65-1a8e-4994-af61-ea6193b1ff29,Wrangler,465065m5,7.97,0,0.5579,1,{},,False,0,465065m5,
{C5898634-3C20-4246-B7F7-1A067E9DA097},{6BBD3B1C-B591-42CF-9D88-BBCF82C8B6FC},IMAGE-e6db8a65-1a8e-4994-af61-ea6193b1ff29,Wrangler Jeans - Premium Patch Booty Up Dark Wash,465065m5,64.99,5,4.1993,1,{},,False,0,465065m5,
{2A4059DA-1C43-45E6-A589-1C2C4A4D0A2D},{64410594-90E7-4B1F-A372-7F7992F7E7E1},IMAGE-e6db8a65-1a8e-4994-af61-ea6193b1ff29,Wrangler Jeans - Premium Patch Booty Up Dark Wash,465065m5,2460,0,172.2,1,{},,False,0,465065m5,
{FF8446B9-81BB-42DA-8EA6-1C4D3596EBB1},{732AE99D-7B8E-44AD-85BF-24E457E502BA},,Pot,Testing01,111,1,5.5,1,{},,False,0,Testing01,
{A1C7912C-177C-4D86-921D-1CFEE71E2B9C},{43015B58-03AE-4844-9C0C-765FFED22F0F},,Only Testing A,Skuxyz01,199.99,99.99,5,1,{},,False,0,Skuxyz01,
{F06E5575-62AA-4D54-ADE2-1D4AE9FC5136},{D303082E-D638-417E-A92F-9292382E2F57},,Camera,RCRC1277244-3113439,100,0,100,100,{},,False,0,RCRC1277244-3113439,
{AA91554E-7B67-4A89-83C4-1DAE7AFF785B},{5386E080-ADC5-48BE-8B68-34F4F57E7397},,test only,test0001zz,2460,0,73.8,1,{},,False,0,test0001zz,
{7CFE90B0-3B86-4D45-8E72-1DCC35EA9C5D},{9DA41939-52A2-4795-AB6E-51852D6EC9C6},,Only Testing E,Skuxyz04,499.99,99.99,32,1,{},,False,0,Skuxyz04,
{33BBA1E7-ABA4-48A1-8453-1DD01219D9F5},{81EB6764-5C58-4F78-986B-64F2DA1F0E24},,Testing 003,Test83673,7363,1.43,5153.099,7,{},,False,0,Test83673,
{0BDEEFAB-F83E-42EA-B42A-1DD5DFDD59E6},{442E9B95-F43C-4E90-9229-3DE15DD4CB93},,Only Testing E,Skuxyz03,399.99,99.99,15,1,{},,False,0,Skuxyz03,
{2E761FF8-6607-4C3F-A2AB-2077CFAA7313},{C12483A7-3257-4AEA-9487-10CB932DC5DD},IMAGE-4f507fe3-f567-4b8a-b624-ca9f0a555539,KitchenAid® Citrus Juicer,JE,34.99,0,1.7495,1,{"Color":"Other"},,False,0,JE,
{15776BCB-8371-4291-A26F-2162BAEF177B},{6091C53D-E4F7-4BCE-8E98-42D38A214D2A},,Only Testing E,Skuxyz03,399.99,99.99,15,1,{},,False,0,Skuxyz03,
{E47C90E1-085B-4445-8C6D-23572989B939},{16E7B2DF-DEF9-432B-B315-5EBEC9A1407C},,Panhandle Slim Black Plaid Ruffle Dress,465065m5,48,11,1.85,1,{},,False,0,465065m5,
{D70CB23F-FDFD-46C4-A78F-23893EAA5981},{AC7F0390-F39F-467C-A6BD-F1AAC3253C97},IMAGE-aa24ca49-f8d1-4319-8509-27d7b8d32459,KitchenAid 5-Quart Tilt-Head Artisan Series Stand Mixer,KSM150PSER,349.99,1,52.3485,3,{"Color":"Empire Red"},,False,0,KSM150PSER,
{E715B125-1BE7-4108-BF82-23951FD87835},{AB5C9340-338D-4DCF-94A2-FC5822AB4C04},,TEst ONly,Test0001k,2460,0,0,1,{},,False,0,Test0001k,
{70F2C31F-99A4-457A-A822-23B3B4FEFDF2},{2D827BC7-A733-4CAE-A8DD-0E2108EEEEBB},IMAGE-997a1130-f891-4c7a-a662-991ae3bc126b,Flocked Sponge,891,5.5,0,0.825,3,,,False,0,891,
{5A1C9A3C-D330-44C0-8BB8-25A0ABCA78AB},{71F5B85E-D6B4-476B-A6D0-FEF41E3B35DD},,test only,test0001yy,2460,0,123,1,{},,False,0,test0001yy,
{1BD22FEE-AE80-49C9-9F3C-27E722263186},{9FAD94DE-A05F-4EC9-9EF4-38E615A238A2},IMAGE-e6db8a65-1a8e-4994-af61-ea6193b1ff29,Wrangler Jeans - Premium Patch Booty Up Dark Wash,465065m5,2460,0,172.2,1,{},,False,0,465065m5,
{AB45D835-BC0A-413B-A21F-282DB7828EA7},{4E8CEFBC-0424-4DA8-89C0-8F07EA5204FD},,Only Testing A,Skuxyz01,199.99,99.99,5,1,{},,False,0,Skuxyz01,
{50AA7039-14A2-4A5F-A0E8-28B40CF678E4},{DBC64FFC-6C65-42B7-9BB5-FCAA8056BD6B},,Mossimo&amp;#174; Women&#039;s TRS Pleated Pencil Skirt - Ebony - 2,11741842,19.99,19.99,0,1,,,False,0,11741842,
{9F4A97DA-DB80-4BC9-A964-298FBFA162C6},{3951610A-BD29-4977-AD67-CD6BC1F67F2F},,Unknown Product,rcrc1277244-3080727,0,0,0,1,,,False,0,rcrc1277244-3080727,
{D1909BEA-8FA3-40FC-94F4-29F894416B57},{C642D3E6-6236-4145-9F54-0D58BE2A0799},IMAGE-dfb6f406-61e5-4806-a24d-5232508dc491,Hand Cream,31055,24.95,12.48,0.6235,1,,,False,0,31055,
{40B3CA7B-8C8B-40D0-9F8C-2AA2C500CE93},{DF46E0D8-CDCD-4259-94FD-7E7190705B85},,Only Testing E,Skuxyz05,599.99,99.99,25,1,{},,False,0,Skuxyz05,
{92A93BEE-A582-4028-8AD9-2AD4933280C3},{1116C054-D00F-41FC-9906-66A49E1A6977},IMAGE-4f507fe3-f567-4b8a-b624-ca9f0a555539,KitchenAid® Citrus Juicer,JE,34.99,0,1.7495,1,{"Color":"Other"},,False,0,JE,
{133FA0B6-05C0-47A4-89FB-2C48FC5F7F34},{C12483A7-3257-4AEA-9487-10CB932DC5DD},,KitchenAid® 5-Speed Blender with BPA-Free Pitcher,KSB560ER,129.99,0,19.4985,3,{"Color":"Empire Red"},,False,0,KSB560ER,Countertop Appliances > Blenders
{8D3E10F5-8701-49DD-93F2-2C99BC3DE42C},{96294A11-9E94-4862-8C7B-66CC9EC6A949},,Panhandle Slim Black Plaid Ruffle Dress,465065m5,48,11,1.85,1,{},,False,0,465065m5,
{999A4038-D794-4822-B9C2-2CE2E80B9BA6},{C642D3E6-6236-4145-9F54-0D58BE2A0799},,Sunforgettable Mineral Powder Brush SPF 30 Matte - Fair-All Clear,4688,50,25,1.25,1,,,False,0,4688,
{2A9A6C61-8C93-437D-935A-2D5304D3179A},{CABE9029-BFF9-4DEB-AEF0-04A2CE988F4B},,Stella Pink Bath Tumber,13185577,9.68,0,0.484,1,{},,False,0,13185577,
{70141AA7-B55F-44F2-B457-2E55F5297D79},{D26FC00A-6480-4658-913E-54AD8E7463C3},,Only Testing D,Skuxyz02,299.99,99.99,10,1,{},,False,0,Skuxyz02,
{8B945D40-DB41-4A0A-8163-2E590C42F242},{2BBF0BDB-2C1C-44B3-9A2F-BCFED70405CA},,Only Testing E,Skuxyz04,499.99,99.99,32,1,{},,False,0,Skuxyz04,
{A9281045-9CEC-4E09-988B-2E5A07FEBC27},{DF46E0D8-CDCD-4259-94FD-7E7190705B85},,Only Testing E,Skuxyz04,499.99,99.99,20,1,{},,False,0,Skuxyz04,
{1A8BC106-A850-48E7-99F7-2FE28D6B3239},{AC7996C9-1C7E-40DB-A222-B6EAF0370A54},,Amazing Matte Loose Finish Powder,7248,31,15.5,0.775,1,,,False,0,7248,
{0E9B8E61-BC96-48E0-9BCE-3121E203F153},{B627B857-AE9E-4101-A406-D2617796A063},,Wrangler Jeans - Premium Patch Booty Up Dark Wash,465065m5,2460,0,123,1,{},,False,0,465065m5,
{B9282464-3E5F-4973-AFBC-313102DB7716},{7C351122-77E8-483F-AC9B-EA7B13139F62},,Test Only,Test0001e,2460,0,123,1,{},,False,0,Test0001e,
{078D67B4-A46B-4526-953A-3256508C94E9},{4EBCAAC2-37B9-4461-B18D-56193C594C55},IMAGE-40900d7d-7fe5-40f4-b353-54d0d4541059,Aveeno Baby Soothing Relief Creamy Wash - 12 oz.,12082573,6.09,0,0.3045,1,,,False,0,12082573,
{39C0B822-FD99-44FB-AD4B-36127F776A9A},{6400E8D8-9D84-46A8-AA9F-554549540F9B},,Only Testing A,356D5364,34,0,1.7,1,{},,False,0,356D5364,
{062ACB8E-EA26-49CC-A279-363E0A21B1E2},{4E8CEFBC-0424-4DA8-89C0-8F07EA5204FD},,Only Testing E,Skuxyz03,399.99,99.99,15,1,{},,False,0,Skuxyz03,
{778C6F4C-4645-445A-87DD-3677604E7126},{8A764B0B-0A81-4DB5-9AEA-3AF126FFFC46},,test only,test0001l,2460,0,0,1,{},,False,0,test0001l,
{C49DA779-BD2D-44C2-BE76-36C3C615E78E},{4F64D518-AD64-429A-881B-0E7B9355089D},,Only Testing A,Skuxyz01,199.99,99.99,5,1,{},,False,0,Skuxyz01,
{BBDC9F30-1CF6-47A3-B831-37B38DB48FD3},{8FF095F3-14DA-48E9-93D0-BD71BE211F4E},,Unknown Product,A4283844,49,0,0,1,,,False,0,A4283844,
{1C1A5098-3AC4-4B72-83FA-386CA76660AE},{1ACD9D6F-8E6E-4EE0-9C67-2119479C201A},,Only Testing D,Skuxyz02,299.99,99.99,10,1,{},,False,0,Skuxyz02,
{6076A374-2F23-4AAC-932C-387C9A5A3FFB},{D2385DCD-F5B9-492C-8726-7C5830C60698},IMAGE-e6db8a65-1a8e-4994-af61-ea6193b1ff29,Wrangler Jeans - Premium Patch Booty Up Dark Wash,465065m5,64.99,0,4.5493,1,{},,False,0,465065m5,
{CB2987E0-64FF-4F9B-A09E-38E08D584514},{7A7E0CD6-5CDE-413D-8B9E-9CF31DD3A314},,New Item,31415,12.99,1.99,0.11,1,{},,False,0,31415,
{B55F9911-51E9-48A8-B0A4-396F4D8E2932},{C642D3E6-6236-4145-9F54-0D58BE2A0799},IMAGE-cfcfeabf-3d46-4fb5-a47d-e67e0d67a074,Zinc Shampoo,30177,19.24,9.62,0.481,1,,,False,0,30177,
{8D7E7DC4-B1AE-443C-A6C5-3976ECB247ED},{3D92D424-BEB9-4E2A-A01F-E7E67C67E0C9},IMAGE-5e611b0e-a2bb-45a7-a2d9-53d367f737b1,Wrangler,711750,7.97,1,0,1,{},,False,0,711750,
{1D84C9EC-0814-4D9F-ADF2-3AE2E3D8C555},{49ADCDBA-5A3A-4FC0-BE03-DFA25DD67039},,Only Testing E,Skuxyz05,599.99,99.99,40,1,{},,False,0,Skuxyz05,
{BF01C573-B202-4E9B-9D6B-3B1A1A5FF161},{3963965D-43C0-4261-AE0E-8C1BF4BAFC3D},,Stella Pink Bath Tumber,13185577,9.68,0,1.936,1,{},,False,0,13185577,
{C733CB4D-8D08-4A97-A925-3C606B8A0775},{A4BD10E3-886F-4345-A3E9-E869B7577BF8},IMAGE-5e611b0e-a2bb-45a7-a2d9-53d367f737b1,Wrangler,711750,7.97,0,0,1,{},,False,0,711750,
{5C5BD3E2-D3B4-4E83-9312-3C6CB93139B5},{D26FC00A-6480-4658-913E-54AD8E7463C3},,Only Testing E,Skuxyz05,599.99,99.99,25,1,{},,False,0,Skuxyz05,
{810CFA83-DE86-4C04-9AE9-3E44654C4E64},{442E9B95-F43C-4E90-9229-3DE15DD4CB93},,Only Testing E,Skuxyz05,599.99,99.99,25,1,{},,False,0,Skuxyz05,
{19FF2711-E7CA-406D-85C9-3F340DB1D925},{1B7E2E18-CB30-4F77-86EA-BFEE563A2F98},,Only Testing A,Skuxyz01,199.99,99.99,5,1,{},,False,0,Skuxyz01,
{5111872B-20D8-4239-A079-3FE9296859A1},{95BC8144-3BC5-4DC2-82F6-21E54023FC6A},IMAGE-4f507fe3-f567-4b8a-b624-ca9f0a555539,KitchenAid® Citrus Juicer,JE,34.99,0,8.7475,5,{"Color":"Other"},,False,0,JE,
{6E8B2DEE-8B18-4059-AED6-41E451409A2A},{5633B28F-ACCF-4DA8-88A7-34CE45455EE6},,TestOnly123b,TestOnly123b,456,6,45,2,{},,False,0,TestOnly123b,
{6D0FD018-8BA0-4377-89CC-431A76B2ED64},{500F97D8-BF58-4152-A2FA-283827214BFD},,Only Testing E,Skuxyz03,399.99,99.99,15,1,{},,False,0,Skuxyz03,
{41398619-CBFB-4CB2-8E3C-4363DDD5666B},{7536396D-10E9-4E32-8C42-1E2FCEF63979},,Unknown Product,A5535673,14,0,0.7,1,,,False,0,A5535673,
{D6BBB2EE-A9CB-4C86-8CE2-447AB00FDCC8},{B03FD741-522D-435E-89B9-ED27A824D4B2},,Unknown Product,rcrc983512-2744616,2646,0,132.3,1,,,False,0,rcrc983512-2744616,
{C5D08C77-3B2E-4E7C-A002-452010C120B4},{B4C60CD6-DB12-4CDF-9EDD-7A65E0C69845},IMAGE-78dbe86e-d4ca-4bca-b021-a20f2e3c7a05,Moisturizing Cream,32783,14.99,0,1.499,2,,,False,0,32783,
{5FB4F5D1-4AC0-4CA1-B1A6-4529E6A366DB},{49ADCDBA-5A3A-4FC0-BE03-DFA25DD67039},,Only Testing A,Skuxyz01,199.99,99.99,8,1,{},,False,0,Skuxyz01,
{44A00B5C-7971-494E-A420-4532E870ED4B},{701C0DA7-1254-4BE8-87DA-ABBB55A54CAB},,Test Only,Test0001fb,2460,0,123,1,{},,False,0,Test0001fb,
{49145ECD-040D-491B-9FDE-456431258019},{44BD8FA6-51A3-4E3F-B032-B76559A3D90E},,Test Only,Test0001d,2460,0,123,1,{},,False,0,Test0001d,
{1164AE56-9698-4FD3-BAFE-45F14736F4EA},{B20A2F8F-CA32-41CF-9670-CDA9D3346C68},,Only Testing E,Skuxyz03,399.99,99.99,15,1,{},,False,0,Skuxyz03,
{883DF0AA-4571-46AF-88AE-4654E4495BDA},{7B275BA5-256E-4EA2-946C-A7D1483DAFD7},IMAGE-e6db8a65-1a8e-4994-af61-ea6193b1ff29,Wrangler Jeans - Premium Patch Booty Up Dark Wash,465065m5,64.99,5,4.1993,1,{},,False,0,465065m5,
{58D24EE9-C4A5-44F7-8C8D-471D8935C998},{1C9A96B3-B290-4FB2-9CF1-E5F6B21CF47F},,Eye Defy Firming Cream,31342,19.99,0,0.9995,1,,,False,0,31342,
{9F84674E-6D0B-48E2-9CBF-4725A1825DD1},{6091C53D-E4F7-4BCE-8E98-42D38A214D2A},,Only Testing E,Skuxyz05,599.99,99.99,25,1,{},,False,0,Skuxyz05,
{DFC96FC2-580E-4DD8-B7D7-47554A7E600C},{B20A2F8F-CA32-41CF-9670-CDA9D3346C68},,Only Testing D,Skuxyz02,299.99,99.99,10,1,{},,False,0,Skuxyz02,
{0E6A278C-9C96-457C-8576-47AEEC515215},{7FBDD950-9A06-497B-9601-5508D563D328},,Test Only,Test0001g,2460,0,123,1,{},,False,0,Test0001g,
{49CB2426-6103-4AD6-90CB-48D59700045C},{2598428F-0CE3-4C1F-8398-C2A0D66FDDBE},IMAGE-5e611b0e-a2bb-45a7-a2d9-53d367f737b1,Wrangler,711750,7.97,0,0,1,{},,False,0,711750,
{029F7875-47CA-4334-8194-4947836A9B29},{1587794C-2CB1-47CD-915B-A2D933280CE0},,Stella Pink Bath Tumber,13185577,9.68,0,1.936,1,{},,False,0,13185577,
{F8E30B52-9600-4DDB-B416-4A3548E6476E},{5633B28F-ACCF-4DA8-88A7-34CE45455EE6},,TestOnly123c,TestOnly123c,789,9,117,3,{},,False,0,TestOnly123c,
{37FE1C63-5004-48DC-9678-4B0A59BA077E},{1ACD9D6F-8E6E-4EE0-9C67-2119479C201A},,Only Testing E,Skuxyz05,599.99,99.99,25,1,{},,False,0,Skuxyz05,
{72E26257-A965-473D-8A3B-4CCF96D3D0C1},{2D827BC7-A733-4CAE-A8DD-0E2108EEEEBB},IMAGE-91f5f847-1b03-4438-8e5c-01e541cb353a,gloTools - Finishing Sponge,2272,5,0,0.75,3,,,False,0,2272,
{D5D18394-F84B-4A35-B05D-4E8FB37F89D8},{F8910797-988A-4930-9B0E-A61B784DFBDC},,Only Testing D,Skuxyz02,299.99,99.99,16,1,{},,False,0,Skuxyz02,
{DAFA568E-CC24-4C35-97DC-4FC2BB70CAAA},{9DA41939-52A2-4795-AB6E-51852D6EC9C6},,Only Testing E,Skuxyz03,399.99,99.99,24,1,{},,False,0,Skuxyz03,
{7CDB285A-6102-462D-8F32-4FE6A52E70EE},{1116C054-D00F-41FC-9906-66A49E1A6977},IMAGE-aa24ca49-f8d1-4319-8509-27d7b8d32459,KitchenAid 5-Quart Tilt-Head Artisan Series Stand Mixer,KSM150PSER,349.99,0,52.4985,3,{"Color":"Empire Red"},,False,0,KSM150PSER,
{9A55DB0B-9202-4C03-A832-508F1DC52EC9},{AC7996C9-1C7E-40DB-A222-B6EAF0370A54},,Waterproof Eye Makeup Remover,23896,5.99,3,0.1495,1,,,False,0,23896,
{472D607B-8484-44FE-BB6D-526FD4C393A9},{9ADAFC85-5459-4CB9-8B59-75CD0097BCD5},IMAGE-e6db8a65-1a8e-4994-af61-ea6193b1ff29,Wrangler Jeans - Premium Patch Booty Up Dark Wash,465065m5,64.99,5,4.1993,1,{},,False,0,465065m5,
{3A377EA3-159B-45FB-BED7-529F318AE366},{4F64D518-AD64-429A-881B-0E7B9355089D},,Only Testing E,Skuxyz04,499.99,99.99,20,1,{},,False,0,Skuxyz04,
{B40130E1-00A6-420B-B74A-52A9F96168FC},{E4BEEAEC-CBA7-4D54-A34B-81ED44E2D82B},IMAGE-e6db8a65-1a8e-4994-af61-ea6193b1ff29,Wrangler Jeans - Premium Patch Booty Up Dark Wash,465065m5,2460,0,172.2,1,{},,False,0,465065m5,
{DDE2209E-E681-4BE4-9182-5422B4DC5AE8},{500F97D8-BF58-4152-A2FA-283827214BFD},,Only Testing E,Skuxyz04,499.99,99.99,20,1,{},,False,0,Skuxyz04,
{DA7D0216-9636-4A1B-BA29-55F8DAB79803},{5633B28F-ACCF-4DA8-88A7-34CE45455EE6},,TestOnly123e,TestOnly123e,3425212535,342234,856217575.25,5,{},,False,0,TestOnly123e,
{C076F235-3C60-4645-8A0A-56B092C2DDEE},{AC7996C9-1C7E-40DB-A222-B6EAF0370A54},IMAGE-d8da89cf-f163-457b-bd26-f7cb92812f97,Aroma Night Rose D'Orient Soothing Night Balm,5666,69,34.5,1.725,1,,,False,0,5666,
{97E34283-C003-4304-9F15-586E222A5F78},{88DEBDD8-1359-41CD-80CE-580437F00BF3},,Wrangler Jeans - Premium Patch Booty Up Dark Wash,465065m5,1814,0,90.7,1,{},,False,0,465065m5,
{AA1230D9-62C5-4F1D-B90D-5A291763DECB},{B4C60CD6-DB12-4CDF-9EDD-7A65E0C69845},IMAGE-af2f1a2d-3da2-4ce4-9374-6203c6d04df1,Gentle Cleansing Bar,149,5,0,1,4,,,False,0,149,
{07328DA5-46D0-4CD0-A407-5ACAED87EBDB},{552EF7F0-9F46-4F51-8E91-9F47FCA67942},,Camera,abcd,100,0,100,100,{},,False,0,abcd,
{F3752352-26AF-4349-9AD1-5BBE9EC003C9},{4E8CEFBC-0424-4DA8-89C0-8F07EA5204FD},,Only Testing E,Skuxyz05,599.99,99.99,25,1,{},,False,0,Skuxyz05,
{A9F6BABC-6291-4667-9BD9-5C37B2A71EB2},{AC7996C9-1C7E-40DB-A222-B6EAF0370A54},,PureMoist LipColour - Kirsten,9735,20,10,0.5,1,,,False,0,9735,
{124D1A58-29C4-4B0C-A3CD-5D3B43054288},{81EB6764-5C58-4F78-986B-64F2DA1F0E24},,Testing 001,Test13424,48348,2,19338.4,4,{},,False,0,Test13424,
{798D2B9C-BBFC-405F-88DF-5FA4E3BE329B},{9DA41939-52A2-4795-AB6E-51852D6EC9C6},,Only Testing E,Skuxyz05,599.99,99.99,40,1,{},,False,0,Skuxyz05,
{A2484A75-4E88-4C60-9EAA-604113049B81},{7E3416CD-A72D-4EFB-8970-2B85E75331B9},,Test Product,,199.99,2.89,9.855,1,{},,False,0,,
{43CFFF77-2851-43D0-8E7D-6065D0AD0DEA},{07F05B2B-633D-48EC-8A03-B0F7463445D0},,Wrangler Jeans - Premium Patch Booty Up Dark Wash,465065m5,2460,0,123,1,{},,False,0,465065m5,
{718B54C9-A719-4FE1-9F30-60E1E3A16F32},{1C9A96B3-B290-4FB2-9CF1-E5F6B21CF47F},IMAGE-b1296d78-1b30-434a-a7b0-afb6ffe7497d,Exfoliating Shower Gel,413,32,0,3.2,2,,,False,0,413,
{F91426EB-5C42-4BCD-8D21-6165EA059B98},{2BB1036A-EA85-4558-A8D2-0141EA134365},,test only,test0001n,2460,0,0,1,{},,False,0,test0001n,
{545024ED-3F8C-4EAB-B290-61F181682BE3},{76D693FF-590B-486A-B87E-1AE826C5E7BD},,test only,test0001ab,2460,0,123,1,{},,False,0,test0001ab,
{2D297B8F-8587-4C3E-AD6E-630C14C6FF15},{4EC81A49-D5B5-47E3-A0B6-538862EE8787},,TestOnly1d,TestOnly1d,8,1,0.35,1,{},,False,0,TestOnly1d,
{837FF80D-8583-4C63-8FF0-63171D8A2AAF},{43015B58-03AE-4844-9C0C-765FFED22F0F},,Only Testing E,Skuxyz03,399.99,99.99,15,1,{},,False,0,Skuxyz03,
{B3A903C1-F617-4674-AC60-633E4E7B66B1},{6555EE2A-416C-4024-B351-79EE92B296B3},,Test Product,224342,199.99,2.89,9.855,1,{},,False,0,224342,
{0CFE601A-2673-4BE5-987C-64F0387E0C0B},{49ADCDBA-5A3A-4FC0-BE03-DFA25DD67039},,Only Testing D,Skuxyz02,299.99,99.99,16,1,{},,False,0,Skuxyz02,
{A370A269-BBED-4ED1-A776-676F68F51B4F},{AC7996C9-1C7E-40DB-A222-B6EAF0370A54},IMAGE-dfb6f406-61e5-4806-a24d-5232508dc491,Hand Cream,31055,24.95,12.48,0.6235,1,,,False,0,31055,
{BF72F145-0403-42CE-9E1E-67CEAB1D16DF},{9DA41939-52A2-4795-AB6E-51852D6EC9C6},,Only Testing A,Skuxyz01,199.99,99.99,8,1,{},,False,0,Skuxyz01,
{45339D0E-9357-4EC9-9EC8-67D532DFB138},{9A4D1165-EB16-4B96-A09D-2BA1D08A1F67},,Only Testing A,Skuxyz01,199.99,99.99,5,1,{},,False,0,Skuxyz01,
{FCCD51D1-4BFB-4004-881B-68E4DD5CF081},{4B3F4129-5800-4065-8171-523867EB22C7},,Test Only,Test0001h,2460,0,123,1,{},,False,0,Test0001h,
{55C520FE-31BA-44E3-916E-68F6E2F7476D},{4F64D518-AD64-429A-881B-0E7B9355089D},,Only Testing E,Skuxyz03,399.99,99.99,15,1,{},,False,0,Skuxyz03,
{A2CB123B-A93D-441D-9ED9-69326E235D33},{4856C98D-4C5B-4C63-AFC1-EFE2F2377B5F},,Only Testing A,Skuxyz01,199.99,99.99,5,1,{},,False,0,Skuxyz01,
{BC3B1356-3F7B-4D54-97A6-69E60190C47C},{7D5D82A0-99A2-4C7C-93AF-5477EE5110FD},,Only Testing E,Skuxyz05,599.99,99.99,25,1,{},,False,0,Skuxyz05,
{C3F42B9F-36F3-41D8-95DC-6D436867A776},{D26FC00A-6480-4658-913E-54AD8E7463C3},,Only Testing E,Skuxyz03,399.99,99.99,15,1,{},,False,0,Skuxyz03,
{08EE18A6-410A-40CF-A5B3-6D4475239298},{FB072644-7979-49E0-A44D-A2AFA76DD4AF},,Only Testing D,Skuxyz02,299.99,99.99,10,1,{},,False,0,Skuxyz02,
{C3E8B732-458C-4F84-AC0F-6E051E5F120B},{63A5CFCE-3690-424E-979A-03FEE0FC2724},,test only,test0001m,2460,0,0,1,{},,False,0,test0001m,
{129B39B5-779C-4F13-870E-7032611A4A41},{4F64D518-AD64-429A-881B-0E7B9355089D},,Only Testing D,Skuxyz02,299.99,99.99,10,1,{},,False,0,Skuxyz02,
{E9AC4520-FFB0-42AD-B772-70764A98D847},{2BBF0BDB-2C1C-44B3-9A2F-BCFED70405CA},,Only Testing D,Skuxyz02,299.99,99.99,16,1,{},,False,0,Skuxyz02,
{2BDE868B-2D14-4943-B450-710DB85CFA36},{43015B58-03AE-4844-9C0C-765FFED22F0F},,Only Testing E,Skuxyz05,599.99,99.99,25,1,{},,False,0,Skuxyz05,
{FC26167D-AA36-4972-8849-7168D4D31036},{1B7E2E18-CB30-4F77-86EA-BFEE563A2F98},,Only Testing E,Skuxyz05,599.99,99.99,25,1,{},,False,0,Skuxyz05,
{B7D25351-E84B-426B-B7D3-71D44135AF36},{7536396D-10E9-4E32-8C42-1E2FCEF63979},,Unknown Product,rcrc1277244-3129981,0,0,0,1,,,False,0,rcrc1277244-3129981,
{62166697-999C-440F-9EEA-72BEEF1F3C2C},{560BC10C-C53D-4D7B-B691-CF572F076CB6},IMAGE-af2f1a2d-3da2-4ce4-9374-6203c6d04df1,Gentle Cleansing Bar,149,5,0,0.75,3,,,False,0,149,
{5DB08EE4-24AE-4223-9A5D-72DD59F4ED8D},{4EC81A49-D5B5-47E3-A0B6-538862EE8787},,TestOnly1e,TestOnly1e,9,1,0.4,1,{},,False,0,TestOnly1e,
{18E9DD9E-0295-4BB1-BE77-730C704BC8FC},{00A7FC83-6D09-456D-9AA4-9293D48AFF3E},,Only Testing E,Skuxyz04,499.99,99.99,32,1,{},,False,0,Skuxyz04,
{1E0FA956-9F6F-4397-9DC8-73EB8DC4C123},{2BBF0BDB-2C1C-44B3-9A2F-BCFED70405CA},,Only Testing E,Skuxyz05,599.99,99.99,40,1,{},,False,0,Skuxyz05,
{A0A98EEE-3DDE-49B7-94CC-757F0CC4B9B7},{3A758165-ED4E-4FFD-A5D6-4008C90F0DD6},,Panhandle Slim Black Plaid Ruffle Dress,465065m5,48,11,1.85,1,{},,False,0,465065m5,
{BF9CAC42-CCD3-4F81-BB70-75970CA9A510},{1116C054-D00F-41FC-9906-66A49E1A6977},,KitchenAid® 5-Speed Blender with BPA-Free Pitcher,KSB560ER,129.99,0,19.4985,3,{"Color":"Empire Red"},,False,0,KSB560ER,Countertop Appliances > Blenders
{E096918E-C3E8-4A27-9362-76EC3AE8EA21},{6091C53D-E4F7-4BCE-8E98-42D38A214D2A},,Only Testing D,Skuxyz02,299.99,99.99,10,1,{},,False,0,Skuxyz02,
{B7D36684-4C61-4865-88D0-79547167417B},{4856C98D-4C5B-4C63-AFC1-EFE2F2377B5F},,Only Testing E,Skuxyz03,399.99,99.99,15,1,{},,False,0,Skuxyz03,
{A599B2A5-42F3-429F-86EA-79F7DA6E3190},{6091C53D-E4F7-4BCE-8E98-42D38A214D2A},,Only Testing E,Skuxyz04,499.99,99.99,20,1,{},,False,0,Skuxyz04,
{3FAD1593-345B-4DA5-9919-7ADBBBA5C8DD},{899F8D70-A33E-4575-925C-35AACD0040C6},IMAGE-5e611b0e-a2bb-45a7-a2d9-53d367f737b1,Wrangler,711750,7.97,0,0,1,{},,False,0,711750,
{55840E7B-7F1D-4A13-B8DE-7C3A9DD4BB35},{9A4D1165-EB16-4B96-A09D-2BA1D08A1F67},,Only Testing E,Skuxyz03,399.99,99.99,15,1,{},,False,0,Skuxyz03,
{0C52798E-8FC2-4A53-ACD7-7CBCE49B7D5B},{49ADCDBA-5A3A-4FC0-BE03-DFA25DD67039},,Only Testing E,Skuxyz04,499.99,99.99,32,1,{},,False,0,Skuxyz04,
{DD55B854-BCB8-436C-9074-7FE40BC7EC74},{95BC8144-3BC5-4DC2-82F6-21E54023FC6A},IMAGE-aa24ca49-f8d1-4319-8509-27d7b8d32459,KitchenAid 5-Quart Tilt-Head Artisan Series Stand Mixer,KSM150PSER,349.99,0,17.4995,1,{"Color":"Empire Red"},,False,0,KSM150PSER,
{90E5F181-3F82-443F-9702-805D395B88DE},{442E9B95-F43C-4E90-9229-3DE15DD4CB93},,Only Testing A,Skuxyz01,199.99,99.99,5,1,{},,False,0,Skuxyz01,
{40258C00-4BAA-4EE2-BE9F-834E470BF87F},{3EF2B3AB-8D79-421A-B42D-76D24313C936},IMAGE-5e611b0e-a2bb-45a7-a2d9-53d367f737b1,Wrangler,711750,7.97,0,0,1,{},,False,0,711750,
{70D86B7E-80E2-4D55-A715-8356F4C5DB66},{1B7E2E18-CB30-4F77-86EA-BFEE563A2F98},,Only Testing D,Skuxyz02,299.99,99.99,10,1,{},,False,0,Skuxyz02,
{08AF6619-C7AC-420E-9DB7-84A14A2EC0DC},{C642D3E6-6236-4145-9F54-0D58BE2A0799},,Amazing Matte Loose Finish Powder,7248,31,15.5,0.775,1,,,False,0,7248,
{B283ADBE-E4A3-47A4-B0CF-84C68985336E},{7CC581E7-7166-4A41-85DE-28BE87CA4426},IMAGE-e6db8a65-1a8e-4994-af61-ea6193b1ff29,Wrangler Jeans - Premium Patch Booty Up Dark Wash,465065m5,1555,0,108.85,1,{},,False,0,465065m5,
{E07FAD9F-679E-409E-8562-8537A26EF3F1},{68E9CC3C-B218-49A1-AFC2-DF9F925773F1},,Round Rock Raw Honey,RRH01,30,0,1.5,1,{"Size":"4 lb"},,False,0,RRH01,Round Rock Honey
{45106EB9-40F8-486C-BEF7-8723DAB404A8},{AC7996C9-1C7E-40DB-A222-B6EAF0370A54},,Spalasium Soap - Jasmine,3283,4.99,2.5,0.1245,1,,,False,0,3283,
{801D391A-9084-4CD2-ADD8-87490981A1DD},{AC7F0390-F39F-467C-A6BD-F1AAC3253C97},IMAGE-4f507fe3-f567-4b8a-b624-ca9f0a555539,KitchenAid® Citrus Juicer,JE,34.99,1,1.6995,1,{"Color":"Other"},,False,0,JE,
{E9E1727D-A4AE-4139-ADE1-87CABBA99325},{BD70FA0A-6EEE-4912-BCD8-5A1659842A2F},,test only,test0001ab,2460,0,73.8,1,{},,False,0,test0001ab,
{49D429BD-DECC-4290-8C1F-8822EC3AC9B6},{1F2D32D9-476B-4411-8960-165145552F48},,test only,test0001r,2460,0,123,1,{},,False,0,test0001r,
{8C5EC0A9-C35A-4F54-898D-8BD421DF1BA9},{4856C98D-4C5B-4C63-AFC1-EFE2F2377B5F},,Only Testing E,Skuxyz05,599.99,99.99,25,1,{},,False,0,Skuxyz05,
{F8A0C11A-5575-44B5-A06D-8BFDEAE55815},{C40C7C66-3DF2-4019-B179-D658494CC8E3},IMAGE-40900d7d-7fe5-40f4-b353-54d0d4541059,Aveeno Baby Soothing Relief Creamy Wash - 12 oz.,12082573,6.09,0,0.3045,1,,,False,0,12082573,
{D458BC9B-3168-4756-94DE-8DC150EF9483},{4EC81A49-D5B5-47E3-A0B6-538862EE8787},,TestOnly1c,TestOnly1c,7,1,0.3,1,{},,False,0,TestOnly1c,
{BB6BD883-2EB7-462C-B7D6-8DDB3FBD1075},{6400E8D8-9D84-46A8-AA9F-554549540F9B},IMAGE-789f80a4-f3c7-4f5a-a05e-5216fd0806a4,Only Testing E,46506183,68,40,1.96,1,{},,False,0,46506183,
{C6236E18-502B-4389-81DA-8E5E8D23A9B8},{4856C98D-4C5B-4C63-AFC1-EFE2F2377B5F},,Only Testing E,Skuxyz04,499.99,99.99,20,1,{},,False,0,Skuxyz04,
{4BBB983F-F4C3-4683-9B99-8E9545DB02ED},{24A0EE89-4D00-4F71-BB05-2632B90C5589},,TEst ONly,Test0001o,2460,0,0,1,{},,False,0,Test0001o,
{5CEDE178-9C4F-4F7C-A689-8F1E78B5B391},{BB438A9E-1DBF-48AC-ACCF-F779808D1FA8},,Test ONly,Test0001b,2460,0,123,1,{},,False,0,Test0001b,
{85398891-D880-4184-9BB9-8FE34BA1CBBA},{81EB6764-5C58-4F78-986B-64F2DA1F0E24},,Testing 005,Test477372,3736,17,743.8,2,{},,False,0,Test477372,
{D9C6E3F3-153B-4109-8428-926DDA3ADB48},{4E8CEFBC-0424-4DA8-89C0-8F07EA5204FD},,Only Testing D,Skuxyz02,299.99,99.99,10,1,{},,False,0,Skuxyz02,
{714292F5-D0A3-4054-AB82-9286522B3DCF},{F8910797-988A-4930-9B0E-A61B784DFBDC},,Only Testing E,Skuxyz04,499.99,99.99,32,1,{},,False,0,Skuxyz04,
{B1D0FC7A-040D-453C-B961-93C4F7E31E13},{43015B58-03AE-4844-9C0C-765FFED22F0F},,Only Testing E,Skuxyz04,499.99,99.99,20,1,{},,False,0,Skuxyz04,
{E7FC03CC-888B-474B-837F-945F8B15759D},{0791D605-7C3A-4109-BCD8-494316FFDD71},,test only,test0001z,2460,0,123,1,{},,False,0,test0001z,
{70262ED0-FBDA-4CF7-AD39-94AA348D4AFE},{AC7996C9-1C7E-40DB-A222-B6EAF0370A54},IMAGE-cfcfeabf-3d46-4fb5-a47d-e67e0d67a074,Zinc Shampoo,30177,19.24,9.62,0.481,1,,,False,0,30177,
{2FDC667F-D38A-4DB8-99D1-96C82D5DBFAB},{4EC81A49-D5B5-47E3-A0B6-538862EE8787},,TestOnly1b,TestOnly1b,6,1,0.25,1,{},,False,0,TestOnly1b,
{B5334C73-91E0-46A6-A84B-972C90C07E93},{2D827BC7-A733-4CAE-A8DD-0E2108EEEEBB},IMAGE-af2f1a2d-3da2-4ce4-9374-6203c6d04df1,Gentle Cleansing Bar,149,5,0,1,4,,,False,0,149,
{E0FEF9F8-044D-44E6-B06E-978EC55BD7F7},{6B4794EA-4EE6-4E69-9FB4-2BA44DA9B10B},IMAGE-5e611b0e-a2bb-45a7-a2d9-53d367f737b1,Wrangler,711750,7.97,0,0,1,{},,False,0,711750,
{C1017E20-A88E-401C-8FA9-9B004AA0B705},{7D5D82A0-99A2-4C7C-93AF-5477EE5110FD},,Only Testing D,Skuxyz02,299.99,99.99,10,1,{},,False,0,Skuxyz02,
{77CED3FE-A3E3-4B45-9805-9B9047F13527},{67E07BA2-377E-43FB-8C4D-C161ECC5C8A2},,Stella Pink Bath Tumber,13185577,9.68,0,1.936,1,{},,False,0,13185577,
{B1C7EAD7-D0CA-4CD3-8AF6-9CAA6E5F7C01},{1B7E2E18-CB30-4F77-86EA-BFEE563A2F98},,Only Testing E,Skuxyz04,499.99,99.99,20,1,{},,False,0,Skuxyz04,
{BFEF1CB7-EED5-49FC-BB2C-9D0C65BB63C4},{00CE75EB-0A79-4C8D-939C-D45B5796D520},,dw6412,dw6412,9.97,0,0.4985,1,{},,False,0,dw6412,
{D26E7D15-53E9-4B2A-A08D-9D4B9399B763},{7D5D82A0-99A2-4C7C-93AF-5477EE5110FD},,Only Testing E,Skuxyz03,399.99,99.99,15,1,{},,False,0,Skuxyz03,
{55B189A4-59B0-422C-86BC-9F2D8E09826C},{F8A8D45C-AA70-48FA-B978-BA8D939C3D36},,TEst ONly,Test0001s,2460,0,123,1,{},,False,0,Test0001s,
{5ED9FF02-D895-4AD0-934A-9F836251818C},{A3B42313-D4DA-41F7-BA72-91D07AF27A4A},IMAGE-cb80ae14-5c7b-4b25-92c3-3c0e560be689,Up &amp; Up Econo Pack Baby Diaper - Size 3 (180 Count),14043499,25.99,0,1.2995,1,,,False,0,14043499,
{9EFFF7F3-C1D3-41F1-ACE9-9F8E8CACE685},{4EC81A49-D5B5-47E3-A0B6-538862EE8787},,TestOnly1a,TestOnly1a,5,1,0.2,1,{},,False,0,TestOnly1a,
{4B0276FE-A7A6-4C1F-A9A5-A0354EE2C8AC},{4BAC4092-B6FA-4BB4-A2EF-FB666A99C901},IMAGE-e6db8a65-1a8e-4994-af61-ea6193b1ff29,Panhandle Slim Black Plaid Ruffle Dress,465065m5,48,11,2.59,1,{},,False,0,465065m5,
{E5F98059-E6CB-4C12-9F36-A1A999500AE2},{442E9B95-F43C-4E90-9229-3DE15DD4CB93},,Only Testing E,Skuxyz04,499.99,99.99,20,1,{},,False,0,Skuxyz04,
{728BB349-0AAC-4A96-827A-A21E2F425532},{5633B28F-ACCF-4DA8-88A7-34CE45455EE6},,TestOnly123a,TestOnly123a,123,3,6,1,{},,False,0,TestOnly123a,
{B4050CC0-D2D9-4DAA-B57B-A384EC681EE7},{B20A2F8F-CA32-41CF-9670-CDA9D3346C68},,Only Testing A,Skuxyz01,199.99,99.99,5,1,{},,False,0,Skuxyz01,
{7CC7C8BB-5C45-4E86-95E8-A4919EB509D9},{7C422C66-4284-424E-9475-34B293CFA108},IMAGE-4f507fe3-f567-4b8a-b624-ca9f0a555539,KitchenAid® Citrus Juicer,JE,34.99,1,1.6995,1,{"Color":"Other"},,False,0,JE,
{34E873E8-52F6-4C0D-8B68-A5234C006296},{1ACD9D6F-8E6E-4EE0-9C67-2119479C201A},,Only Testing A,Skuxyz01,199.99,99.99,5,1,{},,False,0,Skuxyz01,
{33767D14-5967-4063-8390-A5E015703DEC},{6091C53D-E4F7-4BCE-8E98-42D38A214D2A},,Only Testing A,Skuxyz01,199.99,99.99,5,1,{},,False,0,Skuxyz01,
{841D19AC-788A-48F1-87FB-A636A2A7301C},{E3C54793-7102-4C58-B3D0-87D97FEE9D35},IMAGE-5e611b0e-a2bb-45a7-a2d9-53d367f737b1,Wrangler,711750,7.97,0,0,1,{},,False,0,711750,
{82184C88-889B-43C1-85B0-A67A0662DB7B},{D0DA8C5A-099B-4B29-9902-020F9459BFE6},,Wrangler Jeans - Premium Patch Booty Up Dark Wash,465065m5,2460,0,123,1,{},,False,0,465065m5,
{522673EB-CBF9-4AF9-BBDD-A6A1ABBF5E13},{F8910797-988A-4930-9B0E-A61B784DFBDC},,Only Testing E,Skuxyz05,599.99,99.99,40,1,{},,False,0,Skuxyz05,
{0C306D33-6D22-4787-B50A-A762271C872A},{9BBD9036-85D6-4601-AF29-DF7A5FF335D9},,Panhandle Slim Black Plaid Ruffle Dress,465065m5,48,11,1.85,1,{},,False,0,465065m5,
{979D6A1D-F55B-4520-B0E7-A7D0E02D5EDF},{2C4F7432-2245-40EB-A49C-316D00D00765},IMAGE-e6db8a65-1a8e-4994-af61-ea6193b1ff29,Panhandle Slim Black Plaid Ruffle Dress,465065m5,48,11,2.59,1,{},,False,0,465065m5,
{FD8656E9-9022-464D-8EE6-A90EEA5E44A5},{F4CA42FA-8620-4CE9-9FBA-BE27165300B4},,Test ONly,Test0001f,2460,0,123,1,{},,False,0,Test0001f,
{B73AAE41-20E3-4AB9-B07F-A92C60412452},{38A8D582-CBE9-4EA1-924F-627490AB0CA5},,Unknown Product,rcrc1277244-3083311,0,0,0,1,,,False,0,rcrc1277244-3083311,
{4AE308BE-B014-48CC-80CA-AA64C1D1D217},{B20A2F8F-CA32-41CF-9670-CDA9D3346C68},,Only Testing E,Skuxyz04,499.99,99.99,20,1,{},,False,0,Skuxyz04,
{03F2A0B4-86D3-4C05-8F5E-AA825F6F9CDD},{10611E02-9DC7-4470-9F78-2BB7589859B6},IMAGE-e6db8a65-1a8e-4994-af61-ea6193b1ff29,Wrangler Jeans - Premium Patch Booty Up Dark Wash,465065m5,1460,0,102.2,1,{},,False,0,465065m5,
{E7FE39AB-458C-4464-B14A-AAF5A7ADB55E},{B1328E83-DAFE-4841-8A66-2FA0EB8860F9},IMAGE-5e611b0e-a2bb-45a7-a2d9-53d367f737b1,Wrangler,711750,7.97,0,0,1,{},,False,0,711750,
{D0D95217-2F54-4B94-9CD2-AD22DC34D4AB},{00A7FC83-6D09-456D-9AA4-9293D48AFF3E},,Only Testing E,Skuxyz03,399.99,99.99,24,1,{},,False,0,Skuxyz03,
{2FA04392-07EF-4AE8-A82B-ADCB0615991E},{95BC8144-3BC5-4DC2-82F6-21E54023FC6A},,KitchenAid® 5-Speed Blender with BPA-Free Pitcher,KSB560ER,129.99,0,32.4975,5,{"Color":"Empire Red"},,False,0,KSB560ER,Countertop Appliances > Blenders
{4B48DD6F-18E2-46C2-95D3-B0763189E971},{1A3B45F0-C3A5-4D63-8364-99C7B0C57E5A},IMAGE-5e611b0e-a2bb-45a7-a2d9-53d367f737b1,Wrangler,711750,7.97,0,0,1,{},,False,0,711750,
{63D0C61B-196F-4F12-9546-B0B9AA854678},{FB072644-7979-49E0-A44D-A2AFA76DD4AF},,Only Testing A,Skuxyz01,199.99,99.99,5,1,{},,False,0,Skuxyz01,
{9676D576-6B2D-4B31-A38A-B15C981D75C1},{D26FC00A-6480-4658-913E-54AD8E7463C3},,Only Testing E,Skuxyz04,499.99,99.99,20,1,{},,False,0,Skuxyz04,
{3D0EA7B0-C7BD-4EDE-A7A4-B3BDB70ECCB6},{9FFDB8F6-E298-45B8-9FB0-BD570B318C4B},IMAGE-5e611b0e-a2bb-45a7-a2d9-53d367f737b1,Wrangler,711750,7.97,0,0,1,{},,False,0,711750,
{F0C92B2C-EC01-436B-9B6C-B5B7188155BB},{B832BD21-A901-4F5F-B7AF-C86B07C72584},,Wrangler Jeans - Premium Patch Booty Up Dark Wash,465065m5,2460,0,123,1,{},,False,0,465065m5,
{2CB4323D-5ADE-45E2-AC42-B889030F4AE1},{5633B28F-ACCF-4DA8-88A7-34CE45455EE6},,TestOnly123d,TestOnly123d,1234,4,246,4,{},,False,0,TestOnly123d,
{2C4E7B2C-10B8-4B97-AA58-BAC7BA4870F6},{38A8D582-CBE9-4EA1-924F-627490AB0CA5},,Unknown Product,A1656492,14,0,0.7,1,,,False,0,A1656492,
{4AE26493-B264-48E8-A540-BC0A8E5C5BD2},{00A7FC83-6D09-456D-9AA4-9293D48AFF3E},,Only Testing D,Skuxyz02,299.99,99.99,16,1,{},,False,0,Skuxyz02,
{6D81987A-3396-48F7-B376-C08599C59578},{1ACD9D6F-8E6E-4EE0-9C67-2119479C201A},,Only Testing E,Skuxyz03,399.99,99.99,15,1,{},,False,0,Skuxyz03,
{799CFD5C-BDDB-4317-81E3-C0AAC562A537},{1ACD9D6F-8E6E-4EE0-9C67-2119479C201A},,Only Testing E,Skuxyz04,499.99,99.99,20,1,{},,False,0,Skuxyz04,
{08F84317-DC69-4C9D-882E-C139DBCA9E30},{C642D3E6-6236-4145-9F54-0D58BE2A0799},,Waterproof Eye Makeup Remover,23896,5.99,3,0.1495,1,,,False,0,23896,
{BF092F90-6D70-41B3-82D1-C2AEFF01CCA6},{5362AEAA-7DD3-487C-952E-9338EED83649},,test only,test0001ab,2460,0,73.8,1,{},,False,0,test0001ab,
{A4CA51A8-E15E-48F1-8285-C2F4D07130E2},{67A05221-CD75-4CF0-A97D-D9A886933C18},,test only,test0001p,2460,0,0,1,{},,False,0,test0001p,
{9ABDE3FF-A3DC-4726-ACA7-C3B65BECC14A},{A5827FC1-5584-4D79-8524-877E9933E11C},,Test Only,Test0001c,2460,0,123,1,{},,False,0,Test0001c,
{7076868C-7B94-4C2C-9CD0-C6510B8837B6},{27647E5B-79B1-4334-B097-08EF6060E0F9},,Unknown Product,rcrc983512-2744616,2646,0,132.3,1,,,False,0,rcrc983512-2744616,
{A6A444AE-CE39-4EF6-AFA7-C6C1F41E3419},{6400E8D8-9D84-46A8-AA9F-554549540F9B},IMAGE-96893074-2f05-4549-88ec-a731284cbe13,Only Testing D,356D3605,43,3,2.8,1,{},,False,0,356D3605,
{591636FF-5DD5-416C-9B56-C8D156462DC7},{DF46E0D8-CDCD-4259-94FD-7E7190705B85},,Only Testing A,Skuxyz01,199.99,99.99,5,1,{},,False,0,Skuxyz01,
{66497244-BAF4-4C4F-A59C-C9E9A7C32703},{38B2FB02-5E30-4F31-8A18-E5F1FCF916A4},IMAGE-e6db8a65-1a8e-4994-af61-ea6193b1ff29,Wrangler Jeans - Premium Patch Booty Up Dark Wash,465065m5,64.99,0,4.5493,1,{},,False,0,465065m5,
{CFB204C6-63CA-4045-B3B1-CA3FA1527D68},{E827DC03-3D69-4923-BAD9-81318207E6A0},IMAGE-e6db8a65-1a8e-4994-af61-ea6193b1ff29,Wrangler Jeans - Premium Patch Booty Up Dark Wash,465065m5,9595,0,671.65,1,{},,False,0,465065m5,
{52ADEFB3-4650-4A3A-8BBD-CAC29385CEE0},{6400E8D8-9D84-46A8-AA9F-554549540F9B},IMAGE-dff02780-b6ca-467f-a312-9561eae3bb84,Only Testing E,46509589,38,0,2.66,1,{},,False,0,46509589,
{79440F9E-802B-4A6C-8AA6-CB8AF3D1B49C},{1C9A96B3-B290-4FB2-9CF1-E5F6B21CF47F},,Included With Purchase - 2 Year Fitness Magazine Subscription,35799,0,0,0,1,,,False,0,35799,
{71CB40EE-B9E2-4469-98BF-CBC1E748E21A},{D702CD64-5FE7-48EA-9491-21CDC38821A3},IMAGE-5e611b0e-a2bb-45a7-a2d9-53d367f737b1,Wrangler,711750,7.97,0,0,1,{},,False,0,711750,
{D95563C7-D618-4EC1-9857-CC10BE8E358D},{318E2DAB-BCF2-4AB1-8A5B-01350A8B69EE},IMAGE-5e611b0e-a2bb-45a7-a2d9-53d367f737b1,Only Testing A,711750,34,0,0,1,{},,False,0,711750,
{573CCA5F-908F-4473-97E6-CF51907EE68F},{9A4D1165-EB16-4B96-A09D-2BA1D08A1F67},,Only Testing D,Skuxyz02,299.99,99.99,10,1,{},,False,0,Skuxyz02,
{CF5D70B3-E360-42AA-90A2-D02C9AB6D986},{4856C98D-4C5B-4C63-AFC1-EFE2F2377B5F},,Only Testing D,Skuxyz02,299.99,99.99,10,1,{},,False,0,Skuxyz02,
{837BDAF1-BAB9-4503-BC81-D58C02252B90},{C12483A7-3257-4AEA-9487-10CB932DC5DD},IMAGE-aa24ca49-f8d1-4319-8509-27d7b8d32459,KitchenAid 5-Quart Tilt-Head Artisan Series Stand Mixer,KSM150PSER,349.99,0,52.4985,3,{"Color":"Empire Red"},,False,0,KSM150PSER,
{6F0D90AB-0593-4D35-BB78-D60B7438CE4B},{E4B85595-9108-4517-B47C-E41B93B02CCA},IMAGE-5e611b0e-a2bb-45a7-a2d9-53d367f737b1,Wrangler,711750,7.97,0,0,1,{},,False,0,711750,
{2408C9EA-0CBA-46F9-B933-D6C4FD6F00E8},{9DA41939-52A2-4795-AB6E-51852D6EC9C6},,Only Testing D,Skuxyz02,299.99,99.99,16,1,{},,False,0,Skuxyz02,
{0D07A6D3-88C8-412A-9BDF-D747E14F9D6B},{81EB6764-5C58-4F78-986B-64F2DA1F0E24},,Testing 004,Test73637,4733,1.33,1419.501,3,{},,False,0,Test73637,
{27D5D9A3-CADC-4B3F-98E6-D7BDA896E1A8},{442E9B95-F43C-4E90-9229-3DE15DD4CB93},,Only Testing D,Skuxyz02,299.99,99.99,10,1,{},,False,0,Skuxyz02,
{549A8B8F-53DD-463F-8D0E-DB0E6EA90951},{7921EB2C-945E-4EFB-885D-DB0023B7ABCA},,test only,test0001xy,2460,0,73.8,1,{},,False,0,test0001xy,
{489DE8BF-E3CB-4218-8EC8-DB3B50F6555A},{2FEF58AA-74C5-46D6-B1F8-BAAC1F189042},,Only Testing D,Skuxyz02,299.99,99.99,10,1,{},,False,0,Skuxyz02,
{B6048673-78F8-4912-9E8D-DD95B4318F13},{2BBF0BDB-2C1C-44B3-9A2F-BCFED70405CA},,Only Testing A,Skuxyz01,199.99,99.99,8,1,{},,False,0,Skuxyz01,
{6E9C3A26-646E-4B1A-9124-DDDAAEC97D17},{8FF095F3-14DA-48E9-93D0-BD71BE211F4E},,Unknown Product,rcrc1277244-3083168,0,0,0,1,,,False,0,rcrc1277244-3083168,
{2E3BE5D4-99A3-48A1-A5BF-DE5D695CF0FB},{7D5D82A0-99A2-4C7C-93AF-5477EE5110FD},,Only Testing E,Skuxyz04,499.99,99.99,20,1,{},,False,0,Skuxyz04,
{B6F8FF53-C31B-4257-A444-DF385A95391A},{F8910797-988A-4930-9B0E-A61B784DFBDC},,Only Testing E,Skuxyz03,399.99,99.99,24,1,{},,False,0,Skuxyz03,
{B251FDB8-FCFB-4735-8352-DFC0737967C7},{FB072644-7979-49E0-A44D-A2AFA76DD4AF},,Only Testing E,Skuxyz04,499.99,99.99,20,1,{},,False,0,Skuxyz04,
{7B98CB51-DECF-4DAE-88AC-E0321993732D},{DF46E0D8-CDCD-4259-94FD-7E7190705B85},,Only Testing D,Skuxyz02,299.99,99.99,10,1,{},,False,0,Skuxyz02,
{37D42D0F-58C1-421B-BB56-E16347F28E2F},{29026D30-4347-4352-8882-A6DA713C2311},,TEst ONly,Test0001s,2460,0,196.8,1,{},,False,0,Test0001s,
{4525E3B1-6704-40DE-9D56-E2794ED193B2},{D26FC00A-6480-4658-913E-54AD8E7463C3},,Only Testing A,Skuxyz01,199.99,99.99,5,1,{},,False,0,Skuxyz01,
{FF61DB0A-E505-433D-BC4D-E3D7FFEFBC8E},{6400E8D8-9D84-46A8-AA9F-554549540F9B},IMAGE-3854164f-82ef-4974-95a4-1db3b7d61d7c,Only Testing E,46506289,60,40,1.4,1,{},,False,0,46506289,
{5DF1FA83-B369-4AD1-8EB0-E47E43C9B5E1},{00A7FC83-6D09-456D-9AA4-9293D48AFF3E},,Only Testing E,Skuxyz05,599.99,99.99,40,1,{},,False,0,Skuxyz05,
{0C39DA21-B313-4EE2-8FEA-E4BF65DF3FE2},{500F97D8-BF58-4152-A2FA-283827214BFD},,Only Testing D,Skuxyz02,299.99,99.99,10,1,{},,False,0,Skuxyz02,
{F399E8C0-6BCA-4C33-9115-E65369F65CE7},{1B7E2E18-CB30-4F77-86EA-BFEE563A2F98},,Only Testing E,Skuxyz03,399.99,99.99,15,1,{},,False,0,Skuxyz03,
{66375A4F-6DD9-4624-98B4-E8F3FDC50795},{D0DA1373-A8BE-460C-AAF8-546285192322},,test only,test0001q,2460,0,0,1,{},,False,0,test0001q,
{C936B454-E48E-49C8-8A2E-EA18FC27F2C1},{A7F8CE3D-CFCF-4E4F-B78B-720EDC6BBD80},,test only,test0001ab,2460,0,123,1,{},,False,0,test0001ab,
{BDF23E05-A794-450B-AAC1-EC23F9B542D3},{DA732ABE-B607-4CC2-9AC8-7BA7291EEF90},,Dell Test,789456,29.99,9.9,0.2009,1,{},,False,0,789456,
{B41946EC-E886-4E5F-ACDE-EC925F4E3901},{500F97D8-BF58-4152-A2FA-283827214BFD},,Only Testing E,Skuxyz05,599.99,99.99,25,1,{},,False,0,Skuxyz05,
{FBC29447-2BD5-4238-9DA7-EF21446B5F77},{9A4D1165-EB16-4B96-A09D-2BA1D08A1F67},,Only Testing E,Skuxyz05,599.99,99.99,25,1,{},,False,0,Skuxyz05,
{11F79ABB-7164-4983-A54A-F0A6243E3119},{FB072644-7979-49E0-A44D-A2AFA76DD4AF},,Only Testing E,Skuxyz03,399.99,99.99,15,1,{},,False,0,Skuxyz03,
{2834B952-877C-43C7-9E58-F227CDC2A101},{2FEF58AA-74C5-46D6-B1F8-BAAC1F189042},,Only Testing E,Skuxyz05,599.99,99.99,25,1,{},,False,0,Skuxyz05,
{B95811EE-60CB-46A2-87C7-F238A5B7270D},{81EB6764-5C58-4F78-986B-64F2DA1F0E24},,Testing 002,Test4848,333,0.25,266.2,8,{},,False,0,Test4848,
{5C625A01-FBE2-40A3-9C97-F3476DBCAF96},{4E8CEFBC-0424-4DA8-89C0-8F07EA5204FD},,Only Testing E,Skuxyz04,499.99,99.99,20,1,{},,False,0,Skuxyz04,
{8D4EFE7B-EA05-4BF2-A86C-F3F153035401},{98384F01-D06D-469A-B4FB-B6E6E99BC80F},,Musics Loud,78878,773.01,1.01,38.6,1,{},,False,0,78878,
{660D1E2D-D240-4614-A6E6-F698BDACEAA5},{43015B58-03AE-4844-9C0C-765FFED22F0F},,Only Testing D,Skuxyz02,299.99,99.99,10,1,{},,False,0,Skuxyz02,
{ED04C289-8F4A-4ADD-952D-F6D4B28B852B},{DF46E0D8-CDCD-4259-94FD-7E7190705B85},,Only Testing E,Skuxyz03,399.99,99.99,15,1,{},,False,0,Skuxyz03,
{D7990A4E-97BC-4FEF-A537-F816A6E84DF4},{DBC64FFC-6C65-42B7-9BB5-FCAA8056BD6B},,Tiny Love Gymini Bouncer,12888150,49.99,0,2.4995,1,,,False,0,12888150,
{78FC4701-6644-4283-85E3-F85A7CCA8880},{C642D3E6-6236-4145-9F54-0D58BE2A0799},IMAGE-d8da89cf-f163-457b-bd26-f7cb92812f97,Aroma Night Rose D'Orient Soothing Night Balm,5666,69,34.5,1.725,1,,,False,0,5666,
{FA3FD640-3A87-4653-81F8-F970EA4A14CE},{9A4D1165-EB16-4B96-A09D-2BA1D08A1F67},,Only Testing E,Skuxyz04,499.99,99.99,20,1,{},,False,0,Skuxyz04,
{D3494C9E-B096-4A5B-8E6B-FABB52E42C41},{4F64D518-AD64-429A-881B-0E7B9355089D},,Only Testing E,Skuxyz05,599.99,99.99,25,1,{},,False,0,Skuxyz05,
{B7900846-9FF3-463C-A249-FB73A131FCED},{1C9A96B3-B290-4FB2-9CF1-E5F6B21CF47F},IMAGE-2269e702-71ae-4b86-96c4-7ffc6375edf6,Gentle Skin Cleanser,1114,4.99,0,0.998,4,,,False,0,1114,
{8413CB8F-1535-4F68-922C-FC505E98989D},{FC728FCB-2400-42EB-8BAE-1952D0725E9F},,TestOnly1a,TestOnly1a,2442,344,104.9,1,{},,False,0,TestOnly1a,
{F1DF1785-F8CE-4DCF-87CE-FCF8383F985D},{2FEF58AA-74C5-46D6-B1F8-BAAC1F189042},,Only Testing E,Skuxyz03,399.99,99.99,15,1,{},,False,0,Skuxyz03,
{631858FA-6AE7-4410-BFC9-FE7144FC968F},{0EB661E8-0736-4350-BC78-8BD2F29B98DE},IMAGE-e6db8a65-1a8e-4994-af61-ea6193b1ff29,Wrangler Jeans - Premium Patch Booty Up Dark Wash,465065m5,2460,0,172.2,1,{},,False,0,465065m5,
{1DFC5DD4-B9AE-4479-AE06-FF0E36C7E074},{2FEF58AA-74C5-46D6-B1F8-BAAC1F189042},,Only Testing A,Skuxyz01,199.99,99.99,5,1,{},,False,0,Skuxyz01,
